referer,response,status
http://localhost:1313/20230401/wallaroo-use-case-tutorials/wallaroo-use-case-llm/use-case-llm-summarization/01-llm-summarization-upload-and-deploy/,http://localhost:1313/20230401/wallaroo-use-case-tutorials/wallaroo-use-case-llm/use-case-llm-summarization/images/workspace_example.png,404
http://localhost:1313/20230401/wallaroo-use-case-tutorials/wallaroo-use-case-computer-vision/use-case-computer-vision-healthcare/01-cv-healthcare-upload-and-deploy/,http://localhost:1313/20230401/wallaroo-use-case-tutorials/wallaroo-use-case-computer-vision/use-case-computer-vision-healthcare/images/workspace_example.png,404
http://localhost:1313/20230401/wallaroo-tutorials/wallaroo-model-uploads-and-conversions-tutorials/wallaroo-model-registry-service-tutorials/,http://localhost:1313/20230401/wallaroo-tutorials/wallaroo-model-uploads-and-conversions-tutorials/wallaroo-model-registry-service-tutorials/wallaroo-sdk-model-uploads,404
http://localhost:1313/20230401/wallaroo-developer-guides/wallaroo-sdk-guides/wallaroo-sdk-reference-guide/workspace/,http://localhost:1313/20230401/wallaroo-developer-guides/wallaroo-sdk-guides/wallaroo-sdk-reference-guide/workspace/connection.html,404
http://localhost:1313/20230401/wallaroo-developer-guides/wallaroo-sdk-guides/wallaroo-sdk-reference-guide/workspace/,http://localhost:1313/20230401/wallaroo-developer-guides/wallaroo-sdk-guides/wallaroo-sdk-reference-guide/workspace/client.html,404
http://localhost:1313/20230401/wallaroo-developer-guides/wallaroo-sdk-guides/wallaroo-sdk-reference-guide/workspace/,http://localhost:1313/20230401/wallaroo-developer-guides/wallaroo-sdk-guides/wallaroo-sdk-reference-guide/workspace/object.html,404
http://localhost:1313/20230401/wallaroo-developer-guides/wallaroo-sdk-guides/wallaroo-sdk-reference-guide/user/,http://localhost:1313/20230401/wallaroo-developer-guides/wallaroo-sdk-guides/wallaroo-sdk-reference-guide/user/client.html,404
http://localhost:1313/20230401/wallaroo-developer-guides/wallaroo-sdk-guides/wallaroo-sdk-reference-guide/task_run/,http://localhost:1313/20230401/wallaroo-developer-guides/wallaroo-sdk-guides/wallaroo-sdk-reference-guide/task_run/client.html,404
http://localhost:1313/20230401/wallaroo-developer-guides/wallaroo-sdk-guides/wallaroo-sdk-reference-guide/task_run/,http://localhost:1313/20230401/wallaroo-developer-guides/wallaroo-sdk-guides/wallaroo-sdk-reference-guide/task_run/object.html,404
http://localhost:1313/20230401/wallaroo-developer-guides/wallaroo-sdk-guides/wallaroo-sdk-reference-guide/task/,http://localhost:1313/20230401/wallaroo-developer-guides/wallaroo-sdk-guides/wallaroo-sdk-reference-guide/task/task_run.html,404
http://localhost:1313/20230401/wallaroo-developer-guides/wallaroo-sdk-guides/wallaroo-sdk-reference-guide/task/,http://localhost:1313/20230401/wallaroo-developer-guides/wallaroo-sdk-guides/wallaroo-sdk-reference-guide/task/client.html,404
http://localhost:1313/20230401/wallaroo-developer-guides/wallaroo-sdk-guides/wallaroo-sdk-reference-guide/task/,http://localhost:1313/20230401/wallaroo-developer-guides/wallaroo-sdk-guides/wallaroo-sdk-reference-guide/task/object.html,404
http://localhost:1313/20230401/wallaroo-developer-guides/wallaroo-sdk-guides/wallaroo-sdk-reference-guide/tag/,http://localhost:1313/20230401/wallaroo-developer-guides/wallaroo-sdk-guides/wallaroo-sdk-reference-guide/tag/pipeline.html,404
http://localhost:1313/20230401/wallaroo-developer-guides/wallaroo-sdk-guides/wallaroo-sdk-reference-guide/tag/,http://localhost:1313/20230401/wallaroo-developer-guides/wallaroo-sdk-guides/wallaroo-sdk-reference-guide/tag/model_version.html,404
http://localhost:1313/20230401/wallaroo-developer-guides/wallaroo-sdk-guides/wallaroo-sdk-reference-guide/pipeline_version/,http://localhost:1313/20230401/wallaroo-developer-guides/wallaroo-sdk-guides/wallaroo-sdk-reference-guide/pipeline_version/pipeline_publish.html,404
http://localhost:1313/20230401/wallaroo-developer-guides/wallaroo-sdk-guides/wallaroo-sdk-reference-guide/pipeline_version/,http://localhost:1313/20230401/wallaroo-developer-guides/wallaroo-sdk-guides/wallaroo-sdk-reference-guide/pipeline_version/deployment.html,404
http://localhost:1313/20230401/wallaroo-developer-guides/wallaroo-sdk-guides/wallaroo-sdk-reference-guide/pipeline_version/,http://localhost:1313/20230401/wallaroo-developer-guides/wallaroo-sdk-guides/wallaroo-sdk-reference-guide/pipeline_version/deployment_config.html,404
http://localhost:1313/20230401/wallaroo-developer-guides/wallaroo-sdk-guides/wallaroo-sdk-reference-guide/pipeline_version/,http://localhost:1313/20230401/wallaroo-developer-guides/wallaroo-sdk-guides/wallaroo-sdk-reference-guide/pipeline_version/model_config.html,404
http://localhost:1313/20230401/wallaroo-developer-guides/wallaroo-sdk-guides/wallaroo-sdk-reference-guide/pipeline_version/,http://localhost:1313/20230401/wallaroo-developer-guides/wallaroo-sdk-guides/wallaroo-sdk-reference-guide/pipeline_version/client.html,404
http://localhost:1313/20230401/wallaroo-developer-guides/wallaroo-sdk-guides/wallaroo-sdk-reference-guide/pipeline_version/,http://localhost:1313/20230401/wallaroo-developer-guides/wallaroo-sdk-guides/wallaroo-sdk-reference-guide/pipeline_version/object.html,404
http://localhost:1313/20230401/wallaroo-developer-guides/wallaroo-sdk-guides/wallaroo-sdk-reference-guide/tag/,http://localhost:1313/20230401/wallaroo-developer-guides/wallaroo-sdk-guides/wallaroo-sdk-reference-guide/tag/client.html,404
http://localhost:1313/20230401/wallaroo-developer-guides/wallaroo-sdk-guides/wallaroo-sdk-reference-guide/tag/,http://localhost:1313/20230401/wallaroo-developer-guides/wallaroo-sdk-guides/wallaroo-sdk-reference-guide/tag/object.html,404
http://localhost:1313/20230401/wallaroo-developer-guides/wallaroo-sdk-guides/wallaroo-sdk-reference-guide/pipeline_publish/,http://localhost:1313/20230401/wallaroo-developer-guides/wallaroo-sdk-guides/wallaroo-sdk-reference-guide/pipeline_publish/client.html,404
http://localhost:1313/20230401/wallaroo-developer-guides/wallaroo-sdk-guides/wallaroo-sdk-reference-guide/pipeline_config/,http://localhost:1313/20230401/wallaroo-developer-guides/wallaroo-sdk-guides/wallaroo-sdk-reference-guide/pipeline_config/pipeline.html,404
http://localhost:1313/20230401/wallaroo-developer-guides/wallaroo-sdk-guides/wallaroo-sdk-reference-guide/pipeline/,http://localhost:1313/20230401/wallaroo-developer-guides/wallaroo-sdk-guides/wallaroo-sdk-reference-guide/pipeline/pipeline_version.html,404
http://localhost:1313/20230401/wallaroo-developer-guides/wallaroo-sdk-guides/wallaroo-sdk-reference-guide/pipeline/,http://localhost:1313/20230401/wallaroo-developer-guides/wallaroo-sdk-guides/wallaroo-sdk-reference-guide/pipeline/explainability.html,404
http://localhost:1313/20230401/wallaroo-developer-guides/wallaroo-sdk-guides/wallaroo-sdk-reference-guide/pipeline/,http://localhost:1313/20230401/wallaroo-developer-guides/wallaroo-sdk-guides/wallaroo-sdk-reference-guide/pipeline/notify.html,404
http://localhost:1313/20230401/wallaroo-developer-guides/wallaroo-sdk-guides/wallaroo-sdk-reference-guide/pipeline/,http://localhost:1313/20230401/wallaroo-developer-guides/wallaroo-sdk-guides/wallaroo-sdk-reference-guide/pipeline/checks.html,404
http://localhost:1313/20230401/wallaroo-developer-guides/wallaroo-sdk-guides/wallaroo-sdk-reference-guide/pipeline/,http://localhost:1313/20230401/wallaroo-developer-guides/wallaroo-sdk-guides/wallaroo-sdk-reference-guide/pipeline/model_version.html,404
http://localhost:1313/20230401/wallaroo-developer-guides/wallaroo-sdk-guides/wallaroo-sdk-reference-guide/pipeline/,http://localhost:1313/20230401/wallaroo-developer-guides/wallaroo-sdk-guides/wallaroo-sdk-reference-guide/pipeline/model_config.html,404
http://localhost:1313/20230401/wallaroo-developer-guides/wallaroo-sdk-guides/wallaroo-sdk-reference-guide/pipeline/,http://localhost:1313/20230401/wallaroo-developer-guides/wallaroo-sdk-guides/wallaroo-sdk-reference-guide/pipeline/deployment_config.html,404
http://localhost:1313/20230401/wallaroo-developer-guides/wallaroo-sdk-guides/wallaroo-sdk-reference-guide/pipeline/,http://localhost:1313/20230401/wallaroo-developer-guides/wallaroo-sdk-guides/wallaroo-sdk-reference-guide/pipeline/logs.html,404
http://localhost:1313/20230401/wallaroo-developer-guides/wallaroo-sdk-guides/wallaroo-sdk-reference-guide/pipeline/,http://localhost:1313/20230401/wallaroo-developer-guides/wallaroo-sdk-guides/wallaroo-sdk-reference-guide/pipeline/pipeline_config.html,404
http://localhost:1313/20230401/wallaroo-developer-guides/wallaroo-sdk-guides/wallaroo-sdk-reference-guide/pipeline/,http://localhost:1313/20230401/wallaroo-developer-guides/wallaroo-sdk-guides/wallaroo-sdk-reference-guide/pipeline/client.html,404
http://localhost:1313/20230401/wallaroo-developer-guides/wallaroo-sdk-guides/wallaroo-sdk-reference-guide/pipeline/,http://localhost:1313/20230401/wallaroo-developer-guides/wallaroo-sdk-guides/wallaroo-sdk-reference-guide/pipeline/object.html,404
http://localhost:1313/20230401/wallaroo-developer-guides/wallaroo-sdk-guides/wallaroo-sdk-reference-guide/pipeline_config/,http://localhost:1313/20230401/wallaroo-developer-guides/wallaroo-sdk-guides/wallaroo-sdk-reference-guide/pipeline_config/client.html,404
http://localhost:1313/20230401/wallaroo-developer-guides/wallaroo-sdk-guides/wallaroo-sdk-reference-guide/pipeline_config/,http://localhost:1313/20230401/wallaroo-developer-guides/wallaroo-sdk-guides/wallaroo-sdk-reference-guide/pipeline_config/notify.html,404
http://localhost:1313/20230401/wallaroo-developer-guides/wallaroo-sdk-guides/wallaroo-sdk-reference-guide/pipeline_config/,http://localhost:1313/20230401/wallaroo-developer-guides/wallaroo-sdk-guides/wallaroo-sdk-reference-guide/pipeline_config/checks.html,404
http://localhost:1313/20230401/wallaroo-developer-guides/wallaroo-sdk-guides/wallaroo-sdk-reference-guide/pipeline_config/,http://localhost:1313/20230401/wallaroo-developer-guides/wallaroo-sdk-guides/wallaroo-sdk-reference-guide/pipeline_config/model_version.html,404
http://localhost:1313/20230401/wallaroo-developer-guides/wallaroo-sdk-guides/wallaroo-sdk-reference-guide/pipeline_config/,http://localhost:1313/20230401/wallaroo-developer-guides/wallaroo-sdk-guides/wallaroo-sdk-reference-guide/pipeline_config/model_config.html,404
http://localhost:1313/20230401/wallaroo-developer-guides/wallaroo-sdk-guides/wallaroo-sdk-reference-guide/orchestration/,http://localhost:1313/20230401/wallaroo-developer-guides/wallaroo-sdk-guides/wallaroo-sdk-reference-guide/orchestration/client.html,404
http://localhost:1313/20230401/wallaroo-developer-guides/wallaroo-sdk-guides/wallaroo-sdk-reference-guide/orchestration/,http://localhost:1313/20230401/wallaroo-developer-guides/wallaroo-sdk-guides/wallaroo-sdk-reference-guide/orchestration/object.html,404
http://localhost:1313/20230401/wallaroo-developer-guides/wallaroo-sdk-guides/wallaroo-sdk-reference-guide/model_version/,http://localhost:1313/20230401/wallaroo-developer-guides/wallaroo-sdk-guides/wallaroo-sdk-reference-guide/model_version/pipeline.html,404
http://localhost:1313/20230401/wallaroo-developer-guides/wallaroo-sdk-guides/wallaroo-sdk-reference-guide/model_version/,http://localhost:1313/20230401/wallaroo-developer-guides/wallaroo-sdk-guides/wallaroo-sdk-reference-guide/model_version/deployment_config.html,404
http://localhost:1313/20230401/wallaroo-developer-guides/wallaroo-sdk-guides/wallaroo-sdk-reference-guide/model_registry/,http://localhost:1313/20230401/wallaroo-developer-guides/wallaroo-sdk-guides/wallaroo-sdk-reference-guide/model_registry/model_version.html,404
http://localhost:1313/20230401/wallaroo-developer-guides/wallaroo-sdk-guides/wallaroo-sdk-reference-guide/model_registry/,http://localhost:1313/20230401/wallaroo-developer-guides/wallaroo-sdk-guides/wallaroo-sdk-reference-guide/model_registry/framework.html,404
http://localhost:1313/20230401/wallaroo-developer-guides/wallaroo-sdk-guides/wallaroo-sdk-reference-guide/model_registry/,http://localhost:1313/20230401/wallaroo-developer-guides/wallaroo-sdk-guides/wallaroo-sdk-reference-guide/model_registry/client.html,404
http://localhost:1313/20230401/wallaroo-developer-guides/wallaroo-sdk-guides/wallaroo-sdk-reference-guide/model_registry/,http://localhost:1313/20230401/wallaroo-developer-guides/wallaroo-sdk-guides/wallaroo-sdk-reference-guide/model_registry/object.html,404
http://localhost:1313/20230401/wallaroo-developer-guides/wallaroo-sdk-guides/wallaroo-sdk-reference-guide/model_version/,http://localhost:1313/20230401/wallaroo-developer-guides/wallaroo-sdk-guides/wallaroo-sdk-reference-guide/model_version/model_config.html,404
http://localhost:1313/20230401/wallaroo-developer-guides/wallaroo-sdk-guides/wallaroo-sdk-reference-guide/model_version/,http://localhost:1313/20230401/wallaroo-developer-guides/wallaroo-sdk-guides/wallaroo-sdk-reference-guide/model_version/client.html,404
http://localhost:1313/20230401/wallaroo-developer-guides/wallaroo-sdk-guides/wallaroo-sdk-reference-guide/model_version/,http://localhost:1313/20230401/wallaroo-developer-guides/wallaroo-sdk-guides/wallaroo-sdk-reference-guide/model_version/object.html,404
http://localhost:1313/20230401/wallaroo-developer-guides/wallaroo-sdk-guides/wallaroo-sdk-reference-guide/model_config/,http://localhost:1313/20230401/wallaroo-developer-guides/wallaroo-sdk-guides/wallaroo-sdk-reference-guide/model_config/client.html,404
http://localhost:1313/20230401/wallaroo-developer-guides/wallaroo-sdk-guides/wallaroo-sdk-reference-guide/model/,http://localhost:1313/20230401/wallaroo-developer-guides/wallaroo-sdk-guides/wallaroo-sdk-reference-guide/model/client.html,404
http://localhost:1313/20230401/wallaroo-developer-guides/wallaroo-sdk-guides/wallaroo-sdk-reference-guide/model/,http://localhost:1313/20230401/wallaroo-developer-guides/wallaroo-sdk-guides/wallaroo-sdk-reference-guide/model/object.html,404
http://localhost:1313/20230401/wallaroo-developer-guides/wallaroo-sdk-guides/wallaroo-sdk-reference-guide/model_config/,http://localhost:1313/20230401/wallaroo-developer-guides/wallaroo-sdk-guides/wallaroo-sdk-reference-guide/model_config/object.html,404
http://localhost:1313/20230401/wallaroo-developer-guides/wallaroo-sdk-guides/wallaroo-sdk-reference-guide/deployment_config/,http://localhost:1313/20230401/wallaroo-developer-guides/wallaroo-sdk-guides/wallaroo-sdk-reference-guide/deployment_config/model_version.html,404
http://localhost:1313/20230401/wallaroo-developer-guides/wallaroo-sdk-guides/wallaroo-sdk-reference-guide/deployment/,http://localhost:1313/20230401/wallaroo-developer-guides/wallaroo-sdk-guides/wallaroo-sdk-reference-guide/deployment/logs.html,404
http://localhost:1313/20230401/wallaroo-developer-guides/wallaroo-sdk-guides/wallaroo-sdk-reference-guide/deployment/,http://localhost:1313/20230401/wallaroo-developer-guides/wallaroo-sdk-guides/wallaroo-sdk-reference-guide/deployment/model_config.html,404
http://localhost:1313/20230401/wallaroo-developer-guides/wallaroo-sdk-guides/wallaroo-sdk-reference-guide/deployment/,http://localhost:1313/20230401/wallaroo-developer-guides/wallaroo-sdk-guides/wallaroo-sdk-reference-guide/deployment/model_version.html,404
http://localhost:1313/20230401/wallaroo-developer-guides/wallaroo-sdk-guides/wallaroo-sdk-reference-guide/deployment/,http://localhost:1313/20230401/wallaroo-developer-guides/wallaroo-sdk-guides/wallaroo-sdk-reference-guide/deployment/inference_result.html,404
http://localhost:1313/20230401/wallaroo-developer-guides/wallaroo-sdk-guides/wallaroo-sdk-reference-guide/deployment/,http://localhost:1313/20230401/wallaroo-developer-guides/wallaroo-sdk-guides/wallaroo-sdk-reference-guide/deployment/client.html,404
http://localhost:1313/20230401/wallaroo-developer-guides/wallaroo-sdk-guides/wallaroo-sdk-reference-guide/deployment/,http://localhost:1313/20230401/wallaroo-developer-guides/wallaroo-sdk-guides/wallaroo-sdk-reference-guide/deployment/object.html,404
http://localhost:1313/20230401/wallaroo-developer-guides/wallaroo-sdk-guides/wallaroo-sdk-reference-guide/deployment_config/,http://localhost:1313/20230401/wallaroo-developer-guides/wallaroo-sdk-guides/wallaroo-sdk-reference-guide/deployment_config/engine_config.html,404
http://localhost:1313/20230401/wallaroo-developer-guides/wallaroo-sdk-guides/wallaroo-sdk-reference-guide/connection/,http://localhost:1313/20230401/wallaroo-developer-guides/wallaroo-sdk-guides/wallaroo-sdk-reference-guide/connection/client.html,404
http://localhost:1313/20230401/wallaroo-developer-guides/wallaroo-sdk-guides/wallaroo-sdk-reference-guide/comment/,http://localhost:1313/20230401/wallaroo-developer-guides/wallaroo-sdk-guides/wallaroo-sdk-reference-guide/comment/pipeline.html,404
http://localhost:1313/20230401/wallaroo-developer-guides/wallaroo-sdk-guides/wallaroo-sdk-reference-guide/client/,http://localhost:1313/20230401/wallaroo-developer-guides/wallaroo-sdk-guides/wallaroo-sdk-reference-guide/client/model_registry.html,404
http://localhost:1313/20230401/wallaroo-developer-guides/wallaroo-sdk-guides/wallaroo-sdk-reference-guide/client/,http://localhost:1313/20230401/wallaroo-developer-guides/wallaroo-sdk-guides/wallaroo-sdk-reference-guide/client/connection.html,404
http://localhost:1313/20230401/wallaroo-developer-guides/wallaroo-sdk-guides/wallaroo-sdk-reference-guide/client/,http://localhost:1313/20230401/wallaroo-developer-guides/wallaroo-sdk-guides/wallaroo-sdk-reference-guide/client/auth.html,404
http://localhost:1313/20230401/wallaroo-developer-guides/wallaroo-sdk-guides/wallaroo-sdk-reference-guide/client/,http://localhost:1313/20230401/wallaroo-developer-guides/wallaroo-sdk-guides/wallaroo-sdk-reference-guide/client/workspace.html,404
http://localhost:1313/20230401/wallaroo-developer-guides/wallaroo-sdk-guides/wallaroo-sdk-reference-guide/client/,http://localhost:1313/20230401/wallaroo-developer-guides/wallaroo-sdk-guides/wallaroo-sdk-reference-guide/client/assay_config.html,404
http://localhost:1313/20230401/wallaroo-developer-guides/wallaroo-sdk-guides/wallaroo-sdk-reference-guide/client/,http://localhost:1313/20230401/wallaroo-developer-guides/wallaroo-sdk-guides/wallaroo-sdk-reference-guide/client/assay.html,404
http://localhost:1313/20230401/wallaroo-developer-guides/wallaroo-sdk-guides/wallaroo-sdk-reference-guide/client/,http://localhost:1313/20230401/wallaroo-developer-guides/wallaroo-sdk-guides/wallaroo-sdk-reference-guide/client/logs.html,404
http://localhost:1313/20230401/wallaroo-developer-guides/wallaroo-sdk-guides/wallaroo-sdk-reference-guide/client/,http://localhost:1313/20230401/wallaroo-developer-guides/wallaroo-sdk-guides/wallaroo-sdk-reference-guide/client/model_config.html,404
http://localhost:1313/20230401/wallaroo-developer-guides/wallaroo-sdk-guides/wallaroo-sdk-reference-guide/client/,http://localhost:1313/20230401/wallaroo-developer-guides/wallaroo-sdk-guides/wallaroo-sdk-reference-guide/client/pipeline.html,404
http://localhost:1313/20230401/wallaroo-developer-guides/wallaroo-sdk-guides/wallaroo-sdk-reference-guide/client/,http://localhost:1313/20230401/wallaroo-developer-guides/wallaroo-sdk-guides/wallaroo-sdk-reference-guide/client/engine_config.html,404
http://localhost:1313/20230401/wallaroo-developer-guides/wallaroo-sdk-guides/wallaroo-sdk-reference-guide/client/,http://localhost:1313/20230401/wallaroo-developer-guides/wallaroo-sdk-guides/wallaroo-sdk-reference-guide/client/framework.html,404
http://localhost:1313/20230401/wallaroo-developer-guides/wallaroo-sdk-guides/wallaroo-sdk-reference-guide/client/,http://localhost:1313/20230401/wallaroo-developer-guides/wallaroo-sdk-guides/wallaroo-sdk-reference-guide/client/user.html,404
http://localhost:1313/20230401/wallaroo-developer-guides/wallaroo-sdk-guides/wallaroo-sdk-reference-guide/client/,http://localhost:1313/20230401/wallaroo-developer-guides/wallaroo-sdk-guides/wallaroo-sdk-reference-guide/client/model_version.html,404
http://localhost:1313/20230401/wallaroo-developer-guides/wallaroo-sdk-guides/wallaroo-sdk-reference-guide/client/,http://localhost:1313/20230401/wallaroo-developer-guides/wallaroo-sdk-guides/wallaroo-sdk-reference-guide/client/pipeline_version.html,404
http://localhost:1313/20230401/wallaroo-developer-guides/wallaroo-sdk-guides/wallaroo-sdk-reference-guide/client/,http://localhost:1313/20230401/wallaroo-developer-guides/wallaroo-sdk-guides/wallaroo-sdk-reference-guide/client/deployment.html,404
http://localhost:1313/20230401/wallaroo-developer-guides/wallaroo-sdk-guides/wallaroo-sdk-reference-guide/client/,http://localhost:1313/20230401/wallaroo-developer-guides/wallaroo-sdk-guides/wallaroo-sdk-reference-guide/client/model.html,404
http://localhost:1313/20230401/wallaroo-developer-guides/wallaroo-sdk-guides/wallaroo-sdk-reference-guide/client/,http://localhost:1313/20230401/wallaroo-developer-guides/wallaroo-sdk-guides/wallaroo-sdk-reference-guide/client/tag.html,404
http://localhost:1313/20230401/wallaroo-developer-guides/wallaroo-sdk-guides/wallaroo-sdk-reference-guide/comment/,http://localhost:1313/20230401/wallaroo-developer-guides/wallaroo-sdk-guides/wallaroo-sdk-reference-guide/comment/model_version.html,404
http://localhost:1313/20230401/wallaroo-developer-guides/wallaroo-sdk-guides/wallaroo-sdk-reference-guide/comment/,http://localhost:1313/20230401/wallaroo-developer-guides/wallaroo-sdk-guides/wallaroo-sdk-reference-guide/comment/client.html,404
http://localhost:1313/20230401/wallaroo-developer-guides/wallaroo-sdk-guides/wallaroo-sdk-reference-guide/comment/,http://localhost:1313/20230401/wallaroo-developer-guides/wallaroo-sdk-guides/wallaroo-sdk-reference-guide/comment/object.html,404
http://localhost:1313/20230401/wallaroo-developer-guides/wallaroo-sdk-guides/wallaroo-sdk-reference-guide/connection/,http://localhost:1313/20230401/wallaroo-developer-guides/wallaroo-sdk-guides/wallaroo-sdk-reference-guide/connection/object.html,404
http://localhost:1313/20230401/wallaroo-developer-guides/wallaroo-sdk-guides/wallaroo-sdk-reference-guide/assay_config/,http://localhost:1313/20230401/wallaroo-developer-guides/wallaroo-sdk-guides/wallaroo-sdk-reference-guide/assay_config/assay.html,404
http://localhost:1313/20230401/wallaroo-developer-guides/wallaroo-sdk-guides/wallaroo-sdk-reference-guide/assay/,http://localhost:1313/20230401/wallaroo-developer-guides/wallaroo-sdk-guides/wallaroo-sdk-reference-guide/assay/client.html,404
http://localhost:1313/20230401/wallaroo-developer-guides/wallaroo-sdk-guides/wallaroo-sdk-reference-guide/assay/,http://localhost:1313/20230401/wallaroo-developer-guides/wallaroo-sdk-guides/wallaroo-sdk-reference-guide/assay/object.html,404
http://localhost:1313/20230401/wallaroo-developer-guides/wallaroo-sdk-guides/wallaroo-sdk-reference-guide/assay_config/,http://localhost:1313/20230401/wallaroo-developer-guides/wallaroo-sdk-guides/wallaroo-sdk-reference-guide/assay_config/client.html,404
http://localhost:1313/20230401/wallaroo-model-operations/wallaroo-model-operations-observe/wallaroo-pipeline-assays/,http://localhost:1313/images/2023.4.1/wallaroo-model-operations-deploy/wallaroo-assays-management/wallaroo-assay-settings-module.png,404
http://localhost:1313/20230401/wallaroo-model-operations/wallaroo-model-operations-observe/wallaroo-pipeline-assays/,http://localhost:1313/images/2023.4.1/wallaroo-model-operations-deploy/wallaroo-assays-management/wallaroo-assay-baseline-file.png,404
http://localhost:1313/20230401/wallaroo-model-operations/wallaroo-model-operations-observe/wallaroo-pipeline-assays/,http://localhost:1313/images/2023.4.1/wallaroo-model-operations-deploy/wallaroo-assays-management/wallaroo-assay-baseline-date.png,404
http://localhost:1313/20230401/wallaroo-model-operations/wallaroo-model-operations-observe/wallaroo-pipeline-assays/,http://localhost:1313/images/2023.4.1/wallaroo-model-operations-deploy/wallaroo-assays-management/wallaroo-assay-select-field.png,404
http://localhost:1313/20230401/wallaroo-model-operations/wallaroo-model-operations-observe/wallaroo-pipeline-assays/,http://localhost:1313/images/2023.4.1/wallaroo-model-operations-deploy/wallaroo-assays-management/wallaroo-assay-ui-details.png,404
http://localhost:1313/20230401/wallaroo-model-operations/wallaroo-model-operations-observe/wallaroo-pipeline-assays/,http://localhost:1313/images/2023.4.1/wallaroo-model-operations-deploy/wallaroo-assays-management/wallaroo-assay-dashboard.png,404
http://localhost:1313/20230401/wallaroo-platform-operations/wallaroo-platform-operations-setup/wallaroo-platform-operations-install/wallaroo-enterprise-environment-samples/,http://localhost:1313/includes/scripts/kubernetes/gcp/gcp-single-node-vm.bash,404
http://localhost:1313/20230401/wallaroo-platform-operations/wallaroo-platform-operations-setup/wallaroo-platform-operations-install/wallaroo-enterprise-environment-samples/,http://localhost:1313/includes/scripts/kubernetes/azure/azure-single-node-vm.bash,404
http://localhost:1313/20230401/wallaroo-platform-operations/wallaroo-platform-operations-setup/wallaroo-platform-operations-install/wallaroo-enterprise-environment-samples/,http://localhost:1313/includes/scripts/kubernetes/aws/aws-single-node-vm.bash,404
http://localhost:1313/20230401/wallaroo-platform-operations/wallaroo-platform-operations-setup/wallaroo-platform-operations-install/wallaroo-enterprise-environment-samples/,http://localhost:1313/20230401/wallaroo-platform-operations/wallaroo-platform-operations-setup/wallaroo-platform-operations-install/wallaroo-enterprise-environment-samples/(http:/localhost:1313/20230401/wallaroo-platform-operations/wallaroo-platform-operations-setup/wallaroo-platform-operations-install/wallaroo-install-prerequisites/),404
http://localhost:1313/20230401/wallaroo-platform-operations/wallaroo-platform-operations-setup/wallaroo-platform-operations-install/wallaroo-enterprise-environment-samples/,http://localhost:1313/2023.4.1/includes/scripts/kubernetes/gcp/wallaroo_enterprise_gcp_expandable.bash,404
http://localhost:1313/20230401/wallaroo-platform-operations/wallaroo-platform-operations-setup/wallaroo-platform-operations-install/wallaroo-enterprise-environment-samples/,http://localhost:1313/2023.4.1/includes/scripts/kubernetes/azure/wallaroo_enterprise_azure_expandable.bash,404
http://localhost:1313/20230401/wallaroo-platform-operations/wallaroo-platform-operations-setup/wallaroo-platform-operations-install/wallaroo-enterprise-environment-samples/,http://localhost:1313/2023.4.1/includes/scripts/kubernetes/aws/wallaroo_enterprise_aws_install.yaml,404
http://localhost:1313/20230401/wallaroo-platform-operations/wallaroo-platform-operations-setup/wallaroo-platform-operations-install/wallaroo-install-enterprise-environment/wallaroo-install-minimum-services/,http://localhost:1313/2023.4.1/includes/files/wallaroo-install-8-cores.yaml,404
http://localhost:1313/20230401/wallaroo-platform-operations/wallaroo-platform-operations-setup/wallaroo-platform-operations-install/wallaroo-install-enterprise-detailed-kots/wallaroo-enterprise-install-guide-azure-single-node/,http://localhost:1313/20230401/wallaroo-platform-operations/wallaroo-platform-operations-setup/wallaroo-platform-operations-install/wallaroo-install-enterprise-detailed-kots/wallaroo-enterprise-install-guide-azure-single-node/(http:/localhost:1313/20230401/wallaroo-platform-operations/wallaroo-platform-operations-setup/wallaroo-platform-operations-install/wallaroo-install-prerequisites/),404
http://localhost:1313/20230401/wallaroo-free/wallaroo-install-community/wallaroo-install-community-detailed/wallaroo-install-community-detailed-gcp/,http://localhost:1313/images/2023.4.1/wallaroo-community/wallaroo-install-community-invitation-email.png,404
http://localhost:1313/20230401/wallaroo-free/wallaroo-install-community/wallaroo-install-community-detailed/wallaroo-install-community-detailed-gcp/,http://localhost:1313/images/2023.4.1/wallaroo-community/wallaroo-install-community-portal-register.png,404
http://localhost:1313/20230401/wallaroo-free/wallaroo-install-community/wallaroo-install-community-detailed/wallaroo-install-community-detailed-gcp/,http://localhost:1313/2023.4.1/includes/scripts/kubernetes/gcp/wallaroo_community_gcp_install.bash,404
http://localhost:1313/20230401/wallaroo-free/wallaroo-install-community/wallaroo-install-community-detailed/wallaroo-install-community-detailed-aws-eks/,http://localhost:1313/2023.4.1/includes/scripts/kubernetes/aws/wallaroo_community_aws_install.yaml,404
http://localhost:1313/20230401/wallaroo-free/wallaroo-install-community/wallaroo-install-community-detailed/wallaroo-install-community-detailed-azure/,http://localhost:1313/2023.4.1/includes/scripts/kubernetes/azure/wallaroo_community_azure_install.bash,404
http://localhost:1313/20230401/test/,http://localhost:1313/20230401/test/tiger.png,404
http://localhost:1313/20230201/wallaroo-release-notes/wallaroo-release-20230300/,http://localhost:1313/20230300/wallaroo-tutorials/wallaroo-pipeline-architecture/,404
http://localhost:1313/20230201/wallaroo-release-notes/wallaroo-release-20230300/,http://localhost:1313/20230300/wallaroo-developer-guides/wallaroo-sdk-guides/wallaroo-sdk-essentials-guide/wallaroo-sdk-model-uploads/,404
http://localhost:1313/20230201/wallaroo-release-notes/wallaroo-release-20230300/,http://localhost:1313/20230300/wallaroo-developer-guides/wallaroo-api-guide/wallaroo-mlops-api-essential-guide/wallaroo-mlops-api-essentials-guide-model-uploads/,404
http://localhost:1313/20230201/wallaroo-release-notes/wallaroo-release-20230300/,http://localhost:1313/20230300/wallaroo-operations-guide/wallaroo-install-guides/wallaroo-install-configurations/wallaroo-arm-nodepools/,404
http://localhost:1313/20230201/wallaroo-release-notes/wallaroo-release-20230300/,http://localhost:1313/20230300/wallaroo-tutorials/wallaroo-edge-publish/,404
http://localhost:1313/20230201/wallaroo-release-notes/wallaroo-release-20230300/,http://localhost:1313/20230300/wallaroo-developer-guides/wallaroo-sdk-guides/wallaroo-sdk-essentials-guide/wallaroo-sdk-essentials-pipelines/wallaroo-sdk-essentials-pipeline-publication/,404
http://localhost:1313/20230201/wallaroo-release-notes/wallaroo-release-20230300/,http://localhost:1313/20230300/wallaroo-developer-guides/wallaroo-api-guide/wallaroo-mlops-api-essential-guide/wallaroo-mlops-api-essential-guide-pipelines-publish/,404
http://localhost:1313/20230201/wallaroo-release-notes/wallaroo-release-20230300/,http://localhost:1313/20230300/wallaroo-operations-guide/wallaroo-configuration/wallaroo-edge-deployment/,404
http://localhost:1313/20230201/wallaroo-developer-guides/wallaroo-sdk-guides/wallaroo-sdk-reference-guide/workspace/,http://localhost:1313/20230201/wallaroo-developer-guides/wallaroo-sdk-guides/wallaroo-sdk-reference-guide/workspace/connection.html,404
http://localhost:1313/20230201/wallaroo-developer-guides/wallaroo-sdk-guides/wallaroo-sdk-reference-guide/workspace/,http://localhost:1313/20230201/wallaroo-developer-guides/wallaroo-sdk-guides/wallaroo-sdk-reference-guide/workspace/client.html,404
http://localhost:1313/20230201/wallaroo-developer-guides/wallaroo-sdk-guides/wallaroo-sdk-reference-guide/task_run/,http://localhost:1313/20230201/wallaroo-developer-guides/wallaroo-sdk-guides/wallaroo-sdk-reference-guide/task_run/client.html,404
http://localhost:1313/20230201/wallaroo-developer-guides/wallaroo-sdk-guides/wallaroo-sdk-reference-guide/task_run/,http://localhost:1313/20230201/wallaroo-developer-guides/wallaroo-sdk-guides/wallaroo-sdk-reference-guide/task_run/object.html,404
http://localhost:1313/20230201/wallaroo-developer-guides/wallaroo-sdk-guides/wallaroo-sdk-reference-guide/workspace/,http://localhost:1313/20230201/wallaroo-developer-guides/wallaroo-sdk-guides/wallaroo-sdk-reference-guide/workspace/object.html,404
http://localhost:1313/20230201/wallaroo-developer-guides/wallaroo-sdk-guides/wallaroo-sdk-reference-guide/task/,http://localhost:1313/20230201/wallaroo-developer-guides/wallaroo-sdk-guides/wallaroo-sdk-reference-guide/task/task_run.html,404
http://localhost:1313/20230201/wallaroo-developer-guides/wallaroo-sdk-guides/wallaroo-sdk-reference-guide/tag/,http://localhost:1313/20230201/wallaroo-developer-guides/wallaroo-sdk-guides/wallaroo-sdk-reference-guide/tag/pipeline.html,404
http://localhost:1313/20230201/wallaroo-developer-guides/wallaroo-sdk-guides/wallaroo-sdk-reference-guide/pipeline_variant/,http://localhost:1313/20230201/wallaroo-developer-guides/wallaroo-sdk-guides/wallaroo-sdk-reference-guide/pipeline_variant/deployment.html,404
http://localhost:1313/20230201/wallaroo-developer-guides/wallaroo-sdk-guides/wallaroo-sdk-reference-guide/pipeline_variant/,http://localhost:1313/20230201/wallaroo-developer-guides/wallaroo-sdk-guides/wallaroo-sdk-reference-guide/pipeline_variant/deployment_config.html,404
http://localhost:1313/20230201/wallaroo-developer-guides/wallaroo-sdk-guides/wallaroo-sdk-reference-guide/pipeline_variant/,http://localhost:1313/20230201/wallaroo-developer-guides/wallaroo-sdk-guides/wallaroo-sdk-reference-guide/pipeline_variant/model_config.html,404
http://localhost:1313/20230201/wallaroo-developer-guides/wallaroo-sdk-guides/wallaroo-sdk-reference-guide/pipeline_variant/,http://localhost:1313/20230201/wallaroo-developer-guides/wallaroo-sdk-guides/wallaroo-sdk-reference-guide/pipeline_variant/client.html,404
http://localhost:1313/20230201/wallaroo-developer-guides/wallaroo-sdk-guides/wallaroo-sdk-reference-guide/pipeline_variant/,http://localhost:1313/20230201/wallaroo-developer-guides/wallaroo-sdk-guides/wallaroo-sdk-reference-guide/pipeline_variant/object.html,404
http://localhost:1313/20230201/wallaroo-developer-guides/wallaroo-sdk-guides/wallaroo-sdk-reference-guide/tag/,http://localhost:1313/20230201/wallaroo-developer-guides/wallaroo-sdk-guides/wallaroo-sdk-reference-guide/tag/model.html,404
http://localhost:1313/20230201/wallaroo-developer-guides/wallaroo-sdk-guides/wallaroo-sdk-reference-guide/tag/,http://localhost:1313/20230201/wallaroo-developer-guides/wallaroo-sdk-guides/wallaroo-sdk-reference-guide/tag/client.html,404
http://localhost:1313/20230201/wallaroo-developer-guides/wallaroo-sdk-guides/wallaroo-sdk-reference-guide/tag/,http://localhost:1313/20230201/wallaroo-developer-guides/wallaroo-sdk-guides/wallaroo-sdk-reference-guide/tag/object.html,404
http://localhost:1313/20230201/wallaroo-developer-guides/wallaroo-sdk-guides/wallaroo-sdk-reference-guide/task/,http://localhost:1313/20230201/wallaroo-developer-guides/wallaroo-sdk-guides/wallaroo-sdk-reference-guide/task/client.html,404
http://localhost:1313/20230201/wallaroo-developer-guides/wallaroo-sdk-guides/wallaroo-sdk-reference-guide/task/,http://localhost:1313/20230201/wallaroo-developer-guides/wallaroo-sdk-guides/wallaroo-sdk-reference-guide/task/object.html,404
http://localhost:1313/20230201/wallaroo-developer-guides/wallaroo-sdk-guides/wallaroo-sdk-reference-guide/pipeline_config/,http://localhost:1313/20230201/wallaroo-developer-guides/wallaroo-sdk-guides/wallaroo-sdk-reference-guide/pipeline_config/pipeline.html,404
http://localhost:1313/20230201/wallaroo-developer-guides/wallaroo-sdk-guides/wallaroo-sdk-reference-guide/pipeline/,http://localhost:1313/20230201/wallaroo-developer-guides/wallaroo-sdk-guides/wallaroo-sdk-reference-guide/pipeline/explainability.html,404
http://localhost:1313/20230201/wallaroo-developer-guides/wallaroo-sdk-guides/wallaroo-sdk-reference-guide/orchestration/,http://localhost:1313/20230201/wallaroo-developer-guides/wallaroo-sdk-guides/wallaroo-sdk-reference-guide/orchestration/client.html,404
http://localhost:1313/20230201/wallaroo-developer-guides/wallaroo-sdk-guides/wallaroo-sdk-reference-guide/orchestration/,http://localhost:1313/20230201/wallaroo-developer-guides/wallaroo-sdk-guides/wallaroo-sdk-reference-guide/orchestration/object.html,404
http://localhost:1313/20230201/wallaroo-developer-guides/wallaroo-sdk-guides/wallaroo-sdk-reference-guide/pipeline/,http://localhost:1313/20230201/wallaroo-developer-guides/wallaroo-sdk-guides/wallaroo-sdk-reference-guide/pipeline/notify.html,404
http://localhost:1313/20230201/wallaroo-developer-guides/wallaroo-sdk-guides/wallaroo-sdk-reference-guide/pipeline/,http://localhost:1313/20230201/wallaroo-developer-guides/wallaroo-sdk-guides/wallaroo-sdk-reference-guide/pipeline/checks.html,404
http://localhost:1313/20230201/wallaroo-developer-guides/wallaroo-sdk-guides/wallaroo-sdk-reference-guide/pipeline/,http://localhost:1313/20230201/wallaroo-developer-guides/wallaroo-sdk-guides/wallaroo-sdk-reference-guide/pipeline/model.html,404
http://localhost:1313/20230201/wallaroo-developer-guides/wallaroo-sdk-guides/wallaroo-sdk-reference-guide/pipeline/,http://localhost:1313/20230201/wallaroo-developer-guides/wallaroo-sdk-guides/wallaroo-sdk-reference-guide/pipeline/model_config.html,404
http://localhost:1313/20230201/wallaroo-developer-guides/wallaroo-sdk-guides/wallaroo-sdk-reference-guide/pipeline/,http://localhost:1313/20230201/wallaroo-developer-guides/wallaroo-sdk-guides/wallaroo-sdk-reference-guide/pipeline/deployment_config.html,404
http://localhost:1313/20230201/wallaroo-developer-guides/wallaroo-sdk-guides/wallaroo-sdk-reference-guide/pipeline/,http://localhost:1313/20230201/wallaroo-developer-guides/wallaroo-sdk-guides/wallaroo-sdk-reference-guide/pipeline/logs.html,404
http://localhost:1313/20230201/wallaroo-developer-guides/wallaroo-sdk-guides/wallaroo-sdk-reference-guide/pipeline/,http://localhost:1313/20230201/wallaroo-developer-guides/wallaroo-sdk-guides/wallaroo-sdk-reference-guide/pipeline/pipeline_config.html,404
http://localhost:1313/20230201/wallaroo-developer-guides/wallaroo-sdk-guides/wallaroo-sdk-reference-guide/pipeline/,http://localhost:1313/20230201/wallaroo-developer-guides/wallaroo-sdk-guides/wallaroo-sdk-reference-guide/pipeline/client.html,404
http://localhost:1313/20230201/wallaroo-developer-guides/wallaroo-sdk-guides/wallaroo-sdk-reference-guide/pipeline/,http://localhost:1313/20230201/wallaroo-developer-guides/wallaroo-sdk-guides/wallaroo-sdk-reference-guide/pipeline/object.html,404
http://localhost:1313/20230201/wallaroo-developer-guides/wallaroo-sdk-guides/wallaroo-sdk-reference-guide/pipeline_config/,http://localhost:1313/20230201/wallaroo-developer-guides/wallaroo-sdk-guides/wallaroo-sdk-reference-guide/pipeline_config/client.html,404
http://localhost:1313/20230201/wallaroo-developer-guides/wallaroo-sdk-guides/wallaroo-sdk-reference-guide/pipeline_config/,http://localhost:1313/20230201/wallaroo-developer-guides/wallaroo-sdk-guides/wallaroo-sdk-reference-guide/pipeline_config/notify.html,404
http://localhost:1313/20230201/wallaroo-developer-guides/wallaroo-sdk-guides/wallaroo-sdk-reference-guide/pipeline_config/,http://localhost:1313/20230201/wallaroo-developer-guides/wallaroo-sdk-guides/wallaroo-sdk-reference-guide/pipeline_config/checks.html,404
http://localhost:1313/20230201/wallaroo-developer-guides/wallaroo-sdk-guides/wallaroo-sdk-reference-guide/pipeline_config/,http://localhost:1313/20230201/wallaroo-developer-guides/wallaroo-sdk-guides/wallaroo-sdk-reference-guide/pipeline_config/model.html,404
http://localhost:1313/20230201/wallaroo-developer-guides/wallaroo-sdk-guides/wallaroo-sdk-reference-guide/pipeline_config/,http://localhost:1313/20230201/wallaroo-developer-guides/wallaroo-sdk-guides/wallaroo-sdk-reference-guide/pipeline_config/model_config.html,404
http://localhost:1313/20230201/wallaroo-developer-guides/wallaroo-sdk-guides/wallaroo-sdk-reference-guide/models/,http://localhost:1313/20230201/wallaroo-developer-guides/wallaroo-sdk-guides/wallaroo-sdk-reference-guide/models/client.html,404
http://localhost:1313/20230201/wallaroo-developer-guides/wallaroo-sdk-guides/wallaroo-sdk-reference-guide/models/,http://localhost:1313/20230201/wallaroo-developer-guides/wallaroo-sdk-guides/wallaroo-sdk-reference-guide/models/object.html,404
http://localhost:1313/20230201/wallaroo-developer-guides/wallaroo-sdk-guides/wallaroo-sdk-reference-guide/model_config/,http://localhost:1313/20230201/wallaroo-developer-guides/wallaroo-sdk-guides/wallaroo-sdk-reference-guide/model_config/model.html,404
http://localhost:1313/20230201/wallaroo-developer-guides/wallaroo-sdk-guides/wallaroo-sdk-reference-guide/model_config/,http://localhost:1313/20230201/wallaroo-developer-guides/wallaroo-sdk-guides/wallaroo-sdk-reference-guide/model_config/client.html,404
http://localhost:1313/20230201/wallaroo-developer-guides/wallaroo-sdk-guides/wallaroo-sdk-reference-guide/model_config/,http://localhost:1313/20230201/wallaroo-developer-guides/wallaroo-sdk-guides/wallaroo-sdk-reference-guide/model_config/object.html,404
http://localhost:1313/20230201/wallaroo-developer-guides/wallaroo-sdk-guides/wallaroo-sdk-reference-guide/model/,http://localhost:1313/20230201/wallaroo-developer-guides/wallaroo-sdk-guides/wallaroo-sdk-reference-guide/model/pipeline.html,404
http://localhost:1313/20230201/wallaroo-developer-guides/wallaroo-sdk-guides/wallaroo-sdk-reference-guide/model/,http://localhost:1313/20230201/wallaroo-developer-guides/wallaroo-sdk-guides/wallaroo-sdk-reference-guide/model/deployment_config.html,404
http://localhost:1313/20230201/wallaroo-developer-guides/wallaroo-sdk-guides/wallaroo-sdk-reference-guide/model/,http://localhost:1313/20230201/wallaroo-developer-guides/wallaroo-sdk-guides/wallaroo-sdk-reference-guide/model/model_config.html,404
http://localhost:1313/20230201/wallaroo-developer-guides/wallaroo-sdk-guides/wallaroo-sdk-reference-guide/model/,http://localhost:1313/20230201/wallaroo-developer-guides/wallaroo-sdk-guides/wallaroo-sdk-reference-guide/model/client.html,404
http://localhost:1313/20230201/wallaroo-developer-guides/wallaroo-sdk-guides/wallaroo-sdk-reference-guide/model/,http://localhost:1313/20230201/wallaroo-developer-guides/wallaroo-sdk-guides/wallaroo-sdk-reference-guide/model/object.html,404
http://localhost:1313/20230201/wallaroo-developer-guides/wallaroo-sdk-guides/wallaroo-sdk-reference-guide/deployment_config/,http://localhost:1313/20230201/wallaroo-developer-guides/wallaroo-sdk-guides/wallaroo-sdk-reference-guide/deployment_config/model.html,404
http://localhost:1313/20230201/wallaroo-developer-guides/wallaroo-sdk-guides/wallaroo-sdk-reference-guide/deployment/,http://localhost:1313/20230201/wallaroo-developer-guides/wallaroo-sdk-guides/wallaroo-sdk-reference-guide/deployment/logs.html,404
http://localhost:1313/20230201/wallaroo-developer-guides/wallaroo-sdk-guides/wallaroo-sdk-reference-guide/deployment/,http://localhost:1313/20230201/wallaroo-developer-guides/wallaroo-sdk-guides/wallaroo-sdk-reference-guide/deployment/model_config.html,404
http://localhost:1313/20230201/wallaroo-developer-guides/wallaroo-sdk-guides/wallaroo-sdk-reference-guide/deployment/,http://localhost:1313/20230201/wallaroo-developer-guides/wallaroo-sdk-guides/wallaroo-sdk-reference-guide/deployment/model.html,404
http://localhost:1313/20230201/wallaroo-developer-guides/wallaroo-sdk-guides/wallaroo-sdk-reference-guide/deployment/,http://localhost:1313/20230201/wallaroo-developer-guides/wallaroo-sdk-guides/wallaroo-sdk-reference-guide/deployment/inference_result.html,404
http://localhost:1313/20230201/wallaroo-developer-guides/wallaroo-sdk-guides/wallaroo-sdk-reference-guide/deployment/,http://localhost:1313/20230201/wallaroo-developer-guides/wallaroo-sdk-guides/wallaroo-sdk-reference-guide/deployment/client.html,404
http://localhost:1313/20230201/wallaroo-developer-guides/wallaroo-sdk-guides/wallaroo-sdk-reference-guide/deployment/,http://localhost:1313/20230201/wallaroo-developer-guides/wallaroo-sdk-guides/wallaroo-sdk-reference-guide/deployment/object.html,404
http://localhost:1313/20230201/wallaroo-developer-guides/wallaroo-sdk-guides/wallaroo-sdk-reference-guide/connection/,http://localhost:1313/20230201/wallaroo-developer-guides/wallaroo-sdk-guides/wallaroo-sdk-reference-guide/connection/client.html,404
http://localhost:1313/20230201/wallaroo-developer-guides/wallaroo-sdk-guides/wallaroo-sdk-reference-guide/comment/,http://localhost:1313/20230201/wallaroo-developer-guides/wallaroo-sdk-guides/wallaroo-sdk-reference-guide/comment/pipeline.html,404
http://localhost:1313/20230201/wallaroo-developer-guides/wallaroo-sdk-guides/wallaroo-sdk-reference-guide/client/,http://localhost:1313/20230201/wallaroo-developer-guides/wallaroo-sdk-guides/wallaroo-sdk-reference-guide/client/connection.html,404
http://localhost:1313/20230201/wallaroo-developer-guides/wallaroo-sdk-guides/wallaroo-sdk-reference-guide/client/,http://localhost:1313/20230201/wallaroo-developer-guides/wallaroo-sdk-guides/wallaroo-sdk-reference-guide/client/ModelConversion.html,404
http://localhost:1313/20230201/wallaroo-developer-guides/wallaroo-sdk-guides/wallaroo-sdk-reference-guide/client/,http://localhost:1313/20230201/wallaroo-developer-guides/wallaroo-sdk-guides/wallaroo-sdk-reference-guide/client/auth.html,404
http://localhost:1313/20230201/wallaroo-developer-guides/wallaroo-sdk-guides/wallaroo-sdk-reference-guide/client/,http://localhost:1313/20230201/wallaroo-developer-guides/wallaroo-sdk-guides/wallaroo-sdk-reference-guide/client/workspace.html,404
http://localhost:1313/20230201/wallaroo-developer-guides/wallaroo-sdk-guides/wallaroo-sdk-reference-guide/client/,http://localhost:1313/20230201/wallaroo-developer-guides/wallaroo-sdk-guides/wallaroo-sdk-reference-guide/client/assay_config.html,404
http://localhost:1313/20230201/wallaroo-developer-guides/wallaroo-sdk-guides/wallaroo-sdk-reference-guide/client/,http://localhost:1313/20230201/wallaroo-developer-guides/wallaroo-sdk-guides/wallaroo-sdk-reference-guide/client/assay.html,404
http://localhost:1313/20230201/wallaroo-developer-guides/wallaroo-sdk-guides/wallaroo-sdk-reference-guide/client/,http://localhost:1313/20230201/wallaroo-developer-guides/wallaroo-sdk-guides/wallaroo-sdk-reference-guide/client/logs.html,404
http://localhost:1313/20230201/wallaroo-developer-guides/wallaroo-sdk-guides/wallaroo-sdk-reference-guide/client/,http://localhost:1313/20230201/wallaroo-developer-guides/wallaroo-sdk-guides/wallaroo-sdk-reference-guide/client/model_config.html,404
http://localhost:1313/20230201/wallaroo-developer-guides/wallaroo-sdk-guides/wallaroo-sdk-reference-guide/client/,http://localhost:1313/20230201/wallaroo-developer-guides/wallaroo-sdk-guides/wallaroo-sdk-reference-guide/client/pipeline.html,404
http://localhost:1313/20230201/wallaroo-developer-guides/wallaroo-sdk-guides/wallaroo-sdk-reference-guide/client/,http://localhost:1313/20230201/wallaroo-developer-guides/wallaroo-sdk-guides/wallaroo-sdk-reference-guide/client/framework.html,404
http://localhost:1313/20230201/wallaroo-developer-guides/wallaroo-sdk-guides/wallaroo-sdk-reference-guide/client/,http://localhost:1313/20230201/wallaroo-developer-guides/wallaroo-sdk-guides/wallaroo-sdk-reference-guide/client/user.html,404
http://localhost:1313/20230201/wallaroo-developer-guides/wallaroo-sdk-guides/wallaroo-sdk-reference-guide/client/,http://localhost:1313/20230201/wallaroo-developer-guides/wallaroo-sdk-guides/wallaroo-sdk-reference-guide/client/model.html,404
http://localhost:1313/20230201/wallaroo-developer-guides/wallaroo-sdk-guides/wallaroo-sdk-reference-guide/client/,http://localhost:1313/20230201/wallaroo-developer-guides/wallaroo-sdk-guides/wallaroo-sdk-reference-guide/client/pipeline_variant.html,404
http://localhost:1313/20230201/wallaroo-developer-guides/wallaroo-sdk-guides/wallaroo-sdk-reference-guide/client/,http://localhost:1313/20230201/wallaroo-developer-guides/wallaroo-sdk-guides/wallaroo-sdk-reference-guide/client/deployment.html,404
http://localhost:1313/20230201/wallaroo-developer-guides/wallaroo-sdk-guides/wallaroo-sdk-reference-guide/client/,http://localhost:1313/20230201/wallaroo-developer-guides/wallaroo-sdk-guides/wallaroo-sdk-reference-guide/client/models.html,404
http://localhost:1313/20230201/wallaroo-developer-guides/wallaroo-sdk-guides/wallaroo-sdk-reference-guide/client/,http://localhost:1313/20230201/wallaroo-developer-guides/wallaroo-sdk-guides/wallaroo-sdk-reference-guide/client/tag.html,404
http://localhost:1313/20230201/wallaroo-developer-guides/wallaroo-sdk-guides/wallaroo-sdk-reference-guide/comment/,http://localhost:1313/20230201/wallaroo-developer-guides/wallaroo-sdk-guides/wallaroo-sdk-reference-guide/comment/model.html,404
http://localhost:1313/20230201/wallaroo-developer-guides/wallaroo-sdk-guides/wallaroo-sdk-reference-guide/comment/,http://localhost:1313/20230201/wallaroo-developer-guides/wallaroo-sdk-guides/wallaroo-sdk-reference-guide/comment/client.html,404
http://localhost:1313/20230201/wallaroo-developer-guides/wallaroo-sdk-guides/wallaroo-sdk-reference-guide/comment/,http://localhost:1313/20230201/wallaroo-developer-guides/wallaroo-sdk-guides/wallaroo-sdk-reference-guide/comment/object.html,404
http://localhost:1313/20230201/wallaroo-developer-guides/wallaroo-sdk-guides/wallaroo-sdk-reference-guide/connection/,http://localhost:1313/20230201/wallaroo-developer-guides/wallaroo-sdk-guides/wallaroo-sdk-reference-guide/connection/object.html,404
http://localhost:1313/20230201/wallaroo-developer-guides/wallaroo-sdk-guides/wallaroo-sdk-reference-guide/assay_config/,http://localhost:1313/20230201/wallaroo-developer-guides/wallaroo-sdk-guides/wallaroo-sdk-reference-guide/assay_config/assay.html,404
http://localhost:1313/20230201/wallaroo-developer-guides/wallaroo-sdk-guides/wallaroo-sdk-reference-guide/assay/,http://localhost:1313/20230201/wallaroo-developer-guides/wallaroo-sdk-guides/wallaroo-sdk-reference-guide/assay/client.html,404
http://localhost:1313/20230201/wallaroo-developer-guides/wallaroo-sdk-guides/wallaroo-sdk-reference-guide/assay/,http://localhost:1313/20230201/wallaroo-developer-guides/wallaroo-sdk-guides/wallaroo-sdk-reference-guide/assay/object.html,404
http://localhost:1313/20230201/wallaroo-developer-guides/wallaroo-sdk-guides/wallaroo-sdk-reference-guide/assay_config/,http://localhost:1313/20230201/wallaroo-developer-guides/wallaroo-sdk-guides/wallaroo-sdk-reference-guide/assay_config/client.html,404
